City_ID,City,Lat,Lng,Max Temp,Humidity,Cloudiness,Wind Speed,Country,Date
0,agryz,56.5203,52.9942,7.64,86,26,3.79,RU,1712889345
1,la ronge,55.1001,-105.2842,2.14,69,20,3.09,CA,1712889345
2,hujra shah muqim,30.7418,73.8236,29.23,18,62,3.18,PK,1712889345
3,dalnegorsk,44.5604,135.5701,17.56,88,0,1.34,RU,1712889345
4,kununurra,-15.7667,128.7333,30.99,33,12,5.66,AU,1712889345
5,albany,42.6001,-73.9662,15.73,80,100,1.79,US,1712889267
6,klyuchi,52.2667,79.1667,-0.56,47,4,2.4,RU,1712889345
7,ridgecrest,35.6225,-117.6709,27.92,16,20,3.09,US,1712889345
8,kolyvan',55.3053,82.7391,-5.21,63,12,2.98,RU,1712889345
9,ciudad lazaro cardenas,17.9583,-102.2,23.67,83,7,1.28,MX,1712889112
10,blackmans bay,-43.0167,147.3167,18.07,76,93,3.32,AU,1712889345
11,mokhsogollokh,61.4681,128.9203,-6.54,82,100,4.93,RU,1712889345
12,the pas,53.8251,-101.2541,2.01,87,100,2.57,CA,1712889346
13,adamstown,-25.066,-130.1015,21.83,55,29,6.78,PN,1712889346
14,dickinson,29.4608,-95.0513,23.06,51,0,3.6,US,1712889105
15,sonqor,34.7837,47.6004,5.15,87,82,2.72,IR,1712889346
16,moose jaw,50.4001,-105.5344,6.14,26,44,1.54,CA,1712889346
17,edinburgh of the seven seas,-37.0676,-12.3116,18.77,92,25,8.01,SH,1712889346
18,grytviken,-54.2811,-36.5092,-1.63,68,7,4.46,GS,1712889346
19,greenland,43.0362,-70.8328,8.95,88,100,3.09,US,1712889346
20,anadyr,64.75,177.4833,-7.72,78,0,7.0,RU,1712889346
21,puerto natales,-51.7236,-72.4875,2.57,91,18,2.43,CL,1712889062
22,port-aux-francais,-49.35,70.2167,5.87,88,100,6.48,TF,1712889321
23,invercargill,-46.4,168.35,9.45,83,96,2.24,NZ,1712889346
24,hami,42.8,93.45,19.66,23,55,4.83,CN,1712889346
25,kismayo,-0.3582,42.5454,28.76,76,80,3.36,SO,1712889346
26,vredendal,-31.6683,18.5012,17.5,39,21,5.21,ZA,1712889346
27,olonkinbyen,70.9221,-8.7187,-7.33,89,100,8.0,SJ,1712889346
28,general roca,-39.0333,-67.5833,12.57,66,100,5.0,AR,1712889172
29,cannonvale,-20.2833,148.7,23.66,74,88,6.84,AU,1712889346
30,uturoa,-16.7333,-151.4333,29.27,75,51,8.07,PF,1712889346
31,talnakh,69.4865,88.3972,-24.33,97,94,4.62,RU,1712889347
32,bununu,9.8681,9.6628,26.29,11,100,1.91,NG,1712889347
33,tolanaro,-25.0319,46.9987,23.04,88,40,4.12,MG,1712889347
34,sorong,-0.8833,131.25,29.11,71,61,3.9,ID,1712889347
35,tibanbang,6.6315,126.1055,27.96,75,77,1.68,PH,1712889347
36,jamestown,42.097,-79.2353,16.77,99,100,2.68,US,1712889229
37,west island,-12.1568,96.8225,28.99,74,40,3.6,CC,1712889347
38,thunder bay,48.4001,-89.3168,6.99,100,75,2.06,CA,1712889298
39,afaahiti,-17.75,-149.2833,27.93,86,95,9.24,PF,1712889347
40,nadym,65.5333,72.5167,-12.8,89,100,13.6,RU,1712889347
41,waitangi,-43.9535,-176.5597,18.23,91,97,4.47,NZ,1712889347
42,zhangjiakou,40.81,114.8794,20.61,31,45,1.59,CN,1712889347
43,vorgashor,67.5833,63.95,-6.22,95,100,6.53,RU,1712889347
44,ta`u,-14.2336,-169.5144,29.09,76,51,4.86,AS,1712889347
45,salalah,17.0151,54.0924,27.05,74,40,0.0,OM,1712889347
46,carauari,-4.8828,-66.8958,23.73,99,92,0.77,BR,1712889298
47,yellowknife,62.456,-114.3525,3.56,74,20,6.17,CA,1712889085
48,udachny,66.4167,112.4,-19.2,89,77,4.9,RU,1712889348
49,sao jose da coroa grande,-8.8978,-35.1478,26.52,84,12,1.87,BR,1712889348
50,papao,-17.75,-149.55,28.82,85,100,9.91,PF,1712889348
51,poronaysk,49.2167,143.1167,13.31,42,2,5.43,RU,1712889348
52,kirillov,59.863,38.3813,5.55,96,100,4.38,RU,1712889348
53,thompson,55.7435,-97.8558,0.09,86,100,2.06,CA,1712889348
54,crane,31.3974,-102.3501,20.96,19,0,5.9,US,1712889348
55,savanna-la-mar,18.219,-78.1332,27.97,87,92,1.2,JM,1712889348
56,constantia,44.1833,28.65,15.39,84,26,3.23,RO,1712889326
57,atafu village,-8.5421,-172.5159,29.84,73,96,3.77,TK,1712889348
58,mili,6.0815,171.735,26.91,87,100,7.2,MH,1712889348
59,avarua,-21.2078,-159.775,28.03,94,75,7.2,CK,1712889064
60,ushuaia,-54.8,-68.3,7.81,66,0,6.69,AR,1712889348
61,trinidad,-14.8333,-64.9,23.78,98,92,2.02,BO,1712889348
62,iqaluit,63.7506,-68.5145,-6.15,85,75,5.66,CA,1712889348
63,georgetown,5.4112,100.3354,31.64,64,20,3.09,MY,1712889331
64,vilyuchinsk,52.9306,158.4028,8.15,97,39,1.58,RU,1712889348
65,georgiyevka,43.0369,74.7114,10.02,93,75,2.0,KZ,1712889348
66,hamilton,39.1834,-84.5333,11.69,85,100,10.29,US,1712889088
67,wailua homesteads,22.0669,-159.378,23.24,90,100,0.0,US,1712889349
68,petal,31.3466,-89.2601,15.07,87,0,0.0,US,1712889349
69,santa cruz,-17.8,-63.1667,23.7,83,75,3.09,BO,1712889140
70,mathba,22.2855,89.9629,32.07,32,100,3.14,BD,1712889349
71,badger,64.8,-147.5333,6.1,49,75,5.14,US,1712889246
72,tiksi,71.6872,128.8694,-21.78,83,12,8.33,RU,1712889349
73,bethel,41.3712,-73.414,16.79,89,100,4.12,US,1712889349
74,fort mcmurray,56.7268,-111.381,11.77,30,100,4.12,CA,1712889349
75,rawala kot,33.8578,73.7604,17.96,43,94,2.47,PK,1712889349
76,namtsy,62.7161,129.6658,-8.92,80,100,6.64,RU,1712889198
77,longyearbyen,78.2186,15.6401,-15.09,61,75,1.03,SJ,1712889065
78,praya,14.9215,-23.5087,22.3,73,20,3.09,CV,1712889349
79,margaret river,-33.95,115.0667,22.27,46,37,3.45,AU,1712889327
80,kingston,17.997,-76.7936,28.53,74,20,7.2,JM,1712889246
81,zaozersk,69.4005,32.4476,-2.33,91,99,5.78,RU,1712889196
82,saipan,15.1355,145.701,30.39,70,40,7.72,MP,1712889349
83,harper,4.375,-7.7169,26.1,88,100,2.45,LR,1712889349
84,vuktyl,63.8567,57.3094,0.62,96,100,7.6,RU,1712889198
85,kalininskaya,45.4822,38.6628,12.91,71,99,2.9,RU,1712889350
86,port elizabeth,-33.918,25.5701,15.16,73,100,4.63,ZA,1712889350
87,la passe,45.5549,-0.8967,11.1,93,9,3.03,FR,1712889350
88,saint-pierre,-21.3393,55.4781,25.82,69,0,2.57,RE,1712889350
89,nicoya,10.1483,-85.452,28.05,71,73,4.61,CR,1712889350
90,roma,43.2128,-75.4557,16.6,92,100,7.72,US,1712889350
91,whitehorse,60.7161,-135.0538,6.43,28,75,7.72,CA,1712889350
92,east london,-33.0153,27.9116,15.3,66,68,6.29,ZA,1712889350
93,vilhena,-12.7406,-60.1458,21.55,99,100,1.82,BR,1712889350
94,ribeira grande,38.5167,-28.7,15.99,94,5,0.89,PT,1712889350
95,fort bragg,35.139,-79.006,21.91,84,75,7.72,US,1712889350
96,hillsboro,45.5229,-122.9898,13.66,65,100,3.6,US,1712889071
97,khilok,51.3674,110.4676,9.48,43,100,2.65,RU,1712889350
98,pacific grove,36.6177,-121.9166,18.45,74,0,2.57,US,1712889088
99,qaqortoq,60.7167,-46.0333,-8.36,86,15,2.79,GL,1712889350
100,lazaro cardenas,17.9583,-102.2,23.67,83,7,1.28,MX,1712889350
101,zelenoborskiy,66.845,32.3622,-0.23,84,90,4.9,RU,1712889350
102,ust-nera,64.5667,143.2,-2.35,83,67,2.9,RU,1712889138
103,salinopolis,-0.6136,-47.3561,26.74,89,99,2.94,BR,1712889351
104,pisco,-13.7,-76.2167,22.03,83,0,3.6,PE,1712889245
105,bredasdorp,-34.5322,20.0403,12.39,77,35,2.92,ZA,1712889351
106,jatai,-17.8814,-51.7144,21.36,91,100,0.62,BR,1712889351
107,vikulovo,56.8167,70.6107,1.14,75,100,8.6,RU,1712889351
108,nemuro,43.3236,145.575,5.43,93,100,7.11,JP,1712889351
109,san-pedro,4.7485,-6.6363,24.84,92,100,1.67,CI,1712889351
110,prince rupert,54.3161,-130.3201,7.05,68,0,4.63,CA,1712889351
111,happy valley-goose bay,53.3168,-60.3315,8.17,46,75,7.72,CA,1712889351
112,saynshand,44.8824,110.1163,15.32,29,88,3.28,MN,1712889351
113,dolores,-36.3132,-57.6792,11.87,61,100,3.39,AR,1712888840
114,shihezi,44.3,86.0333,14.84,49,100,2.22,CN,1712889351
115,stanley,54.868,-1.6985,11.51,86,75,5.66,GB,1712889352
116,st. john's,47.5649,-52.7093,1.65,79,0,8.75,CA,1712889352
117,pudasjarvi,65.3833,26.9167,0.03,98,100,2.01,FI,1712889352
118,vadso,70.0744,29.7487,0.49,80,75,5.66,NO,1712889352
119,papatowai,-46.5619,169.4708,9.55,65,92,2.03,NZ,1712889352
120,hadibu,12.65,54.0333,27.33,76,47,2.02,YE,1712889352
121,laojunmiao,39.8333,97.7333,16.26,10,47,3.43,CN,1712889352
122,bilibino,68.0546,166.4372,-7.24,72,85,1.94,RU,1712889352
123,el granada,37.5027,-122.4694,19.88,77,0,9.77,US,1712889352
124,dudinka,69.4058,86.1778,-24.07,97,46,4.92,RU,1712889352
125,bougouni,11.417,-7.479,29.82,45,82,1.46,ML,1712889352
126,yatou,37.15,122.3833,18.93,55,95,6.36,CN,1712889352
127,port saint john's,-31.6229,29.5448,14.66,65,11,5.78,ZA,1712889352
128,wuwei,37.9281,102.6414,17.63,22,92,3.77,CN,1712889352
129,okigwe,5.8352,7.3599,25.97,85,100,2.78,NG,1712889353
130,vrangel',42.7297,133.0839,8.59,81,14,3.58,RU,1712889084
131,bonito,-21.1211,-56.4819,23.03,90,100,0.84,BR,1712889353
132,mount pearl,47.5166,-52.7813,1.19,79,0,8.75,CA,1712889353
133,tabou,4.423,-7.3528,25.67,92,100,2.62,CI,1712889353
134,enewetak,11.3474,162.3373,26.84,80,80,8.92,MH,1712889353
135,mugia,43.1041,-9.2179,12.73,73,16,1.47,ES,1712889353
136,robertsport,6.7533,-11.3686,26.87,86,100,0.6,LR,1712889353
137,latehar,23.75,84.5,30.89,24,67,1.32,IN,1712889353
138,norrtalje,59.758,18.705,8.57,85,0,4.59,SE,1712889353
139,chatillon-sur-seiche,48.0345,-1.6711,9.08,100,93,1.54,FR,1712889353
140,yoloten,37.2989,62.3597,20.09,37,94,6.95,TM,1712889353
141,nar'yan-mar,67.6713,53.087,1.73,100,100,7.6,RU,1712889195
142,isafjordur,66.0755,-23.124,-3.81,93,100,12.66,IS,1712889353
143,portland,45.5234,-122.6762,13.96,62,100,4.12,US,1712889082
144,benguela,-12.5763,13.4055,25.24,88,100,2.66,AO,1712889354
145,tucumcari,35.1717,-103.725,15.52,41,0,4.12,US,1712889354
146,fort st. john,56.2499,-120.8529,8.94,43,100,2.57,CA,1712889354
147,geraldton,-28.7667,114.6,26.23,44,4,5.66,AU,1712889079
148,sierra grande,-41.606,-65.3557,11.36,58,100,1.61,AR,1712889316
149,tazacorte,28.629,-17.9293,23.54,31,75,5.66,ES,1712889354
150,al badari,26.9926,31.4155,19.08,41,100,2.96,EG,1712889354
151,yigo village,13.5361,144.8886,30.62,73,75,6.69,GU,1712889354
152,mahibadhoo,3.7833,72.9667,29.29,72,42,0.85,MV,1712889354
153,rakops,-21.0167,24.3333,18.84,66,38,5.47,BW,1712889354
154,tsiombe,-25.3,45.4833,20.45,77,100,2.96,MG,1712889354
155,shiloh,38.5614,-89.8973,13.85,52,2,3.13,US,1712889354
156,essaouira,31.5125,-9.77,17.72,72,26,2.06,MA,1712889354
157,kulhudhuffushi,6.6221,73.07,29.59,74,83,4.08,MV,1712889354
158,smithers,54.7804,-127.1743,6.18,75,40,2.06,CA,1712889354
159,weno,7.4515,151.8468,30.97,79,100,3.09,FM,1712889354
160,zaigrayevo,51.8336,108.2703,8.43,53,100,0.8,RU,1712889354
161,viqueque,-8.8673,126.3658,28.62,68,64,3.24,TL,1712889355
162,malpils,57.0111,24.9631,9.94,92,100,5.33,LV,1712889355
163,ust-tsilma,65.441,52.1498,1.45,99,100,7.6,RU,1712889355
164,opole lubelskie,51.1478,21.969,9.27,71,42,2.74,PL,1712889355
165,general conesa,-40.1,-64.4333,13.9,44,100,3.19,AR,1712889355
166,balsas,-7.5325,-46.0356,24.69,89,58,0.78,BR,1712889355
167,sereflikochisar,38.9393,33.5386,11.16,77,21,2.7,TR,1712889355
168,lompoc,34.6391,-120.4579,20.08,80,0,3.09,US,1712889067
169,brak,27.5496,14.2714,20.42,18,71,6.73,LY,1712889355
170,tual,-5.6667,132.75,28.49,73,41,3.38,ID,1712889355
171,puerto ayora,-0.7393,-90.3518,25.86,97,77,1.34,EC,1712889355
172,iquique,-20.2208,-70.1431,21.02,75,87,1.53,CL,1712889247
173,port lincoln,-34.7333,135.8667,16.3,57,32,3.92,AU,1712889355
174,tura,25.5198,90.2201,33.73,23,2,1.0,IN,1712889355
175,umluj,25.0213,37.2685,23.02,49,6,5.08,SA,1712889355
176,axim,4.8699,-2.2405,26.27,85,99,1.89,GH,1712889356
177,valparaiso,-33.0393,-71.6273,16.67,61,75,2.06,CL,1712889335
178,tulun,54.5611,100.5792,1.48,99,100,2.79,RU,1712889356
179,taoudenni,22.6783,-3.9836,25.7,12,0,7.22,ML,1712889356
180,oroqen zizhiqi,50.5667,123.7167,13.05,50,100,1.95,CN,1712889356
181,cabo san lucas,22.8909,-109.9124,23.61,60,75,2.24,MX,1712888650
182,acarau,-2.8856,-40.12,26.07,88,99,2.51,BR,1712889356
183,cedeira,43.6797,-8.0209,15.03,80,3,0.79,ES,1712889356
184,howrah,22.5892,88.3103,29.0,54,40,0.0,IN,1712889356
185,sao raimundo nonato,-9.0153,-42.6994,23.41,94,77,0.84,BR,1712889306
186,dwarka,22.2394,68.9678,25.64,76,8,2.3,IN,1712889356
187,newman,37.3138,-121.0208,27.13,67,0,1.73,US,1712889330
188,hotan,37.0997,79.9269,22.92,10,25,2.44,CN,1712889356
189,aasiaat,68.7098,-52.8699,-8.11,97,100,2.88,GL,1712889356
190,tahoua,14.8888,5.2692,30.88,12,97,4.05,NE,1712889356
191,wolgast,54.05,13.7667,13.01,100,100,4.81,DE,1712889356
192,vilyuysk,63.7553,121.6247,-15.56,78,42,4.02,RU,1712889197
193,tubarjal,30.4999,38.216,16.17,64,0,3.74,SA,1712889356
194,kattivakkam,13.2167,80.3167,32.05,68,100,4.61,IN,1712889357
195,kisangani,0.5167,25.2,22.76,91,100,0.92,CD,1712889357
196,kalabo,-14.97,22.6814,19.42,88,49,1.33,ZM,1712889357
197,patancheru,17.5314,78.265,25.48,71,100,6.12,IN,1712889357
198,chonchi,-42.6128,-73.8092,7.29,72,0,0.8,CL,1712889096
199,antonio enes,-16.2325,39.9086,25.79,81,100,6.39,MZ,1712889357
200,iskushuban,10.2837,50.23,25.61,82,54,1.44,SO,1712889357
201,petropavlovsk-kamchatsky,53.0452,158.6483,7.33,27,0,3.0,RU,1712889357
202,madzhalis,42.1217,47.8333,11.93,54,2,2.39,RU,1712889357
203,hithadhoo,-0.6,73.0833,28.7,73,85,3.09,MV,1712889357
204,dryden,49.7833,-92.7503,5.16,87,75,2.06,CA,1712889357
205,ca mau,9.1769,105.15,35.08,39,100,5.87,VN,1712889357
206,kuala belait,4.5833,114.1833,31.09,65,7,1.12,BN,1712889357
207,port mathurin,-19.6833,63.4167,26.83,75,31,4.94,MU,1712889357
208,safotu,-13.4513,-172.4018,29.58,80,30,4.27,WS,1712889357
209,hilo,19.7297,-155.09,22.57,99,100,1.79,US,1712889133
210,margate,51.3813,1.3862,11.61,85,94,3.13,GB,1712889358
211,katsuren-haebaru,26.3369,127.8719,25.22,68,40,4.63,JP,1712889358
212,tazovsky,67.4667,78.7,-17.87,83,100,9.66,RU,1712889358
213,pangody,65.85,74.4859,-12.18,93,100,13.26,RU,1712889139
214,wenceslau braz,-23.8739,-49.8028,19.27,91,100,3.41,BR,1712889358
215,iskateley,67.6803,53.1512,1.68,100,100,7.6,RU,1712889358
216,kapa'a,22.0752,-159.319,23.99,90,100,0.0,US,1712889358
217,grootfontein,-19.5667,18.1167,13.76,62,0,1.54,NA,1712889358
218,jand,33.4299,72.0193,24.61,38,39,3.22,PK,1712889358
219,kodiak,57.79,-152.4072,3.73,81,100,2.57,US,1712889358
220,fukuecho,32.6881,128.8419,19.2,72,75,3.09,JP,1712889358
221,barkly west,-28.5354,24.5215,9.55,46,0,2.29,ZA,1712889358
222,sehwan,26.4279,67.863,31.46,27,37,2.15,PK,1712889358
223,punta arenas,-53.15,-70.9167,8.06,76,40,10.29,CL,1712889029
224,kurumkan,54.3,110.3,3.4,79,100,2.24,RU,1712889358
225,karystos,38.0133,24.4161,19.55,74,0,7.32,GR,1712889359
226,black river,18.0264,-77.8487,26.05,79,100,1.86,JM,1712889359
227,ola,59.5833,151.2833,-0.48,91,39,1.1,RU,1712889359
228,grabouw,-34.1515,19.0151,12.47,87,62,4.41,ZA,1712889359
229,'alaqahdari dishu,30.4374,63.313,24.45,42,59,2.41,AF,1712889359
230,gusinoozyorsk,51.2833,106.5,4.23,95,100,2.6,RU,1712889359
231,karagandy,49.8019,73.1021,-1.03,53,10,0.91,KZ,1712889359
232,bayganin,48.6947,55.8742,9.32,68,96,2.45,KZ,1712889359
233,mo i rana,66.3128,14.1428,0.26,93,100,0.0,NO,1712889359
234,tamandare,-8.7597,-35.1047,26.01,86,11,1.8,BR,1712889334
235,leninskoye,41.7589,69.3864,15.05,69,100,0.82,KZ,1712889359
236,fortuna,40.5982,-124.1573,10.92,87,100,4.63,US,1712889359
237,el calafate,-50.3408,-72.2768,5.77,61,33,1.65,AR,1712889359
238,san patricio,28.017,-97.5169,22.69,46,5,3.47,US,1712889359
239,kapshagay,43.8833,77.0833,8.66,71,100,4.63,KZ,1712889359
240,nova sintra,14.8667,-24.7167,22.61,76,8,5.25,CV,1712889359
241,namibe,-15.1961,12.1522,22.1,76,46,2.49,AO,1712889360
242,keflavik,64.0049,-22.5624,3.26,100,75,6.17,IS,1712889360
243,emerald,-23.5333,148.1667,28.52,31,0,3.5,AU,1712889360
244,jiujiang,29.7333,115.9833,21.09,80,96,2.49,CN,1712889360
245,opuwo,-18.0607,13.84,20.79,56,45,1.23,NA,1712889360
246,melfort,52.8667,-104.6177,4.07,60,6,1.54,CA,1712889360
247,hawaiian paradise park,19.5933,-154.9731,21.73,98,100,2.57,US,1712889360
248,padang,-0.9492,100.3543,30.03,74,41,2.34,ID,1712889360
249,college,64.8569,-147.8028,6.15,49,75,5.14,US,1712889330
250,ozieri,40.586,9.0012,7.31,45,89,1.36,IT,1712889360
251,hobyo,5.3505,48.5268,28.55,77,20,3.86,SO,1712889360
252,alaghsas,17.0187,8.0168,28.07,10,96,3.78,NE,1712889360
253,puerto aysen,-45.4,-72.7,3.28,91,4,0.38,CL,1712889164
254,ardabil,38.2498,48.2933,3.75,93,100,5.14,IR,1712889360
255,taltal,-25.4,-70.4833,18.06,80,33,1.72,CL,1712889081
256,port isabel,26.0734,-97.2086,22.23,68,0,3.09,US,1712889361
257,bijar,35.8668,47.6051,1.24,77,97,4.53,IR,1712889361
258,eyl,7.9803,49.8164,27.84,82,100,2.18,SO,1712889361
259,choibalsan,48.0667,114.5,13.5,35,3,2.86,MN,1712889361
260,lyepyel',54.8814,28.6932,9.76,73,100,6.04,BY,1712889361
261,markovo,57.3206,107.0881,1.07,73,97,2.17,RU,1712889361
262,ancud,-41.8697,-73.8203,8.54,70,0,2.93,CL,1712889361
263,inarajan village,13.2736,144.7484,31.54,86,100,6.16,GU,1712889361
264,bandarbeyla,9.4942,50.8122,28.05,83,49,2.62,SO,1712889361
265,port alfred,-33.5906,26.891,14.54,79,99,2.68,ZA,1712889361
266,dombovar,46.3766,18.137,11.45,75,48,1.65,HU,1712889361
267,lindi,-10.0,39.7167,24.1,97,100,1.83,TZ,1712889362
268,hermanus,-34.4187,19.2345,12.67,78,68,6.12,ZA,1712889362
269,oranjemund,-28.55,16.4333,23.17,33,17,6.35,NA,1712889362
270,dunedin,-45.8742,170.5036,10.45,85,100,1.34,NZ,1712889362
271,utete,-7.986,38.758,22.74,95,100,1.34,TZ,1712889362
272,ballina,-28.8667,153.5667,23.77,68,74,6.1,AU,1712889362
273,bahia de kino,28.8333,-111.9333,26.62,39,100,3.28,MX,1712889362
274,anjad,22.0333,75.05,30.56,38,92,4.98,IN,1712889363
275,ketchikan,55.3422,-131.6461,7.26,81,75,1.54,US,1712889363
276,nova vicosa,-17.8919,-39.3719,26.13,81,6,3.17,BR,1712889363
277,levuka,50.1834,-105.4011,5.84,39,43,2.62,CA,1712889363
278,collingwood,44.4834,-80.2164,14.84,97,100,2.63,CA,1712889121
279,mount gambier,-37.8333,140.7667,15.64,50,100,2.93,AU,1712889343
280,mudgee,-32.5943,149.5871,21.46,44,0,1.9,AU,1712889363
281,pandan,14.0453,124.1694,28.14,78,39,4.63,PH,1712889363
282,egilsstadir,65.2653,-14.3948,0.95,86,75,4.12,IS,1712889363
283,chinde,26.8418,88.0763,24.48,27,5,2.9,NP,1712889363
284,colonia,50.9333,6.95,14.36,87,75,3.09,DE,1712889109
285,haiku-pauwela,20.9219,-156.3051,25.02,77,20,2.68,US,1712889363
286,palmas,-10.2128,-48.3603,24.93,94,20,2.06,BR,1712888889
287,sandakan,5.8402,118.1179,30.82,66,40,3.6,MY,1712889363
288,uusikaupunki,60.8004,21.4084,3.84,91,64,4.74,FI,1712889170
289,candido de abreu,-24.5669,-51.3333,21.94,79,100,1.55,BR,1712889364
290,laguna,38.421,-121.4238,26.08,47,0,2.57,US,1712889364
291,acapulco de juarez,16.8634,-99.8901,25.9,89,0,4.12,MX,1712889124
292,viedma,-40.8135,-62.9967,11.88,76,98,2.85,AR,1712889334
293,turtas,58.9417,69.1325,-2.38,94,100,6.17,RU,1712889364
294,mejit,10.2753,170.8646,26.66,78,100,9.04,MH,1712889364
295,gloversville,43.0528,-74.3438,14.59,92,100,6.69,US,1712889189
296,nuuk,64.1835,-51.7216,-2.66,86,20,2.06,GL,1712889365
297,luderitz,-26.6481,15.1594,23.24,39,0,3.46,NA,1712889365
298,mangrol,21.1167,70.1167,25.52,77,2,1.87,IN,1712889365
299,kourou,5.1552,-52.6478,27.03,94,63,2.39,GF,1712889365
300,kuroishi,40.6389,140.5922,17.65,51,0,2.06,JP,1712889365
301,banda aceh,5.5577,95.3222,30.69,63,21,3.21,ID,1712889365
302,mana,5.6592,-53.7767,25.44,91,96,3.86,GF,1712889365
303,pakxan,18.3778,103.6601,35.16,42,18,2.01,LA,1712889365
304,lihue,21.9789,-159.3672,23.58,87,100,0.0,US,1712889365
305,isabela,6.7085,121.9711,30.03,66,97,2.65,PH,1712889365
306,akureyri,65.6835,-18.0878,0.96,86,75,4.63,IS,1712889365
307,polyarnyy,69.1989,33.4478,-1.41,86,100,9.2,RU,1712889365
308,villa bruzual,9.3328,-69.1208,27.79,52,0,4.44,VE,1712889366
309,castillos,-34.1667,-53.8333,16.73,55,87,2.74,UY,1712889366
310,badiyah,22.45,58.8,29.15,31,98,1.96,OM,1712889366
311,ambon,-3.6954,128.1814,29.08,74,40,2.06,ID,1712889366
312,amga,60.8953,131.9608,0.51,99,100,3.63,RU,1712889366
313,gulu,2.7746,32.299,18.88,91,86,2.32,UG,1712889273
314,undurkhaan,47.3194,110.6556,14.51,27,100,7.02,MN,1712889366
315,bocaiuva,-17.1078,-43.815,23.84,89,42,2.51,BR,1712889366
316,arraial do cabo,-22.9661,-42.0278,24.85,85,40,2.09,BR,1712889366
317,rongelap,11.1635,166.8941,26.74,75,100,8.6,MH,1712889366
318,tosontsengel,48.7567,98.2839,5.47,38,59,4.03,MN,1712889366
319,ilulissat,69.2167,-51.1,-6.99,93,100,0.0,GL,1712889366
320,lesosibirsk,58.2358,92.4828,-5.67,70,100,3.31,RU,1712889366
321,ismailia,30.6043,32.2723,16.76,75,0,2.49,EG,1712889367
322,merritt,50.1123,-120.7942,6.28,84,100,2.22,CA,1712889367
323,port angeles,48.1181,-123.4307,9.81,79,75,2.06,US,1712889367
324,ugoofaaru,5.6667,73.0,29.37,74,28,2.08,MV,1712889367
325,launceston,-41.45,147.1667,18.22,55,75,3.6,AU,1712889367
326,kiunga,-6.1219,141.2906,26.56,84,100,0.99,PG,1712889367
327,jerez de garcia salinas,22.65,-103.0,20.09,15,70,4.23,MX,1712889367
328,dzhalagash,45.0833,64.6667,8.33,47,95,9.2,KZ,1712889367
329,iskitim,54.6366,83.3045,-4.25,58,7,4.2,RU,1712889367
330,nogliki,51.8333,143.1667,3.52,88,12,5.36,RU,1712889367
331,yamethin,20.4333,96.15,35.27,25,1,3.45,MM,1712889368
332,mata-utu,-13.2816,-176.1745,29.6,77,21,5.23,WF,1712889223
333,la sarre,48.8002,-79.1996,7.36,93,100,5.89,CA,1712889368
334,klaksvik,62.2266,-6.589,8.51,90,65,12.22,FO,1712889368
335,isangel,-19.55,169.2667,28.06,83,75,3.09,VU,1712889368
336,utrik,11.2278,169.8474,26.71,74,100,8.61,MH,1712889368
337,trevelin,-43.0858,-71.4639,5.35,79,17,0.42,AR,1712889368
338,olinda,-8.0089,-34.8553,28.85,79,40,2.57,BR,1712889142
339,toliara,-23.35,43.6667,22.65,81,100,6.21,MG,1712889368
340,coquimbo,-29.9533,-71.3436,13.85,88,100,2.06,CL,1712888662
341,walvis bay,-22.9575,14.5053,14.53,100,60,1.54,NA,1712889368
342,ma'rib,15.4591,45.3253,26.94,54,36,1.92,YE,1712889368
343,saint augustine beach,29.8505,-81.2654,21.68,73,20,4.63,US,1712889323
344,sao joao da barra,-21.6403,-41.0511,25.07,84,11,0.21,BR,1712889369
345,argo,37.6333,22.7333,17.09,47,85,3.42,GR,1712889369
346,kula,38.5473,28.6498,10.58,79,5,1.52,TR,1712889369
347,basco,20.4487,121.9702,26.43,83,21,5.65,PH,1712889369
348,fale old settlement,-9.3852,-171.2468,30.14,70,56,3.64,TK,1712889369
349,runcu,45.1167,23.1333,13.17,73,11,2.08,RO,1712889369
350,demir kapija,41.405,22.2489,12.71,73,0,2.22,MK,1712889369
351,hammerfest,70.6634,23.6821,0.25,86,100,4.63,NO,1712889369
352,morococha,-11.5997,-76.1411,4.34,84,100,0.33,PE,1712889370
353,bel ombre,-4.6167,55.4167,28.91,79,20,6.17,SC,1712889370
354,rangapara,26.8167,92.65,32.32,24,24,3.31,IN,1712889370
355,quellon,-43.1167,-73.6167,8.59,76,0,2.53,CL,1712889085
356,menongue,-14.6585,17.691,18.01,95,100,1.67,AO,1712889370
357,carbondale,37.7273,-89.2168,16.0,39,40,5.14,US,1712889244
358,misratah,32.3754,15.0925,16.93,84,92,6.53,LY,1712889370
359,alofi,-19.0595,-169.9187,28.94,84,75,2.57,NU,1712889370
360,kerikeri,-35.2268,173.9474,23.84,72,0,3.67,NZ,1712889370
361,zhangjiakou shi xuanhua qu,40.6103,115.0447,22.77,26,12,0.96,CN,1712889371
362,lodja,-3.4833,23.4333,23.03,89,100,1.07,CD,1712889371
363,ringkobing,56.0901,8.244,9.99,100,100,8.23,DK,1712889371
364,charters towers,-20.1,146.2667,28.2,32,0,3.74,AU,1712889371
365,kuta,-8.7233,115.1723,30.97,79,40,3.13,ID,1712889371
366,bikenibeu village,1.3673,173.1241,30.98,74,20,2.57,KI,1712889371
367,dalandzadgad,43.5708,104.425,14.96,26,42,11.77,MN,1712889371
368,holualoa,19.6228,-155.9522,25.48,85,100,2.57,US,1712889371
369,znin,52.8496,17.7199,12.55,68,97,2.89,PL,1712889371
370,lebu,-37.6167,-73.65,9.78,96,1,1.64,CL,1712889091
371,hasaki,35.7333,140.8333,17.94,82,100,4.4,JP,1712889371
372,fort wellington,6.4,-57.6,27.14,79,21,4.3,GY,1712889371
373,sa'dah,16.9402,43.7639,19.86,70,98,1.62,YE,1712889372
374,rio grande,-32.035,-52.0986,20.05,62,100,6.68,BR,1712889143
375,semnan,35.5729,53.3971,11.55,44,87,3.57,IR,1712889372
376,yarmouth,41.7057,-70.2286,12.83,95,100,4.12,US,1712889276
377,bridgewater,44.3835,-64.5155,4.82,90,100,9.26,CA,1712889372
378,cantemir,46.2781,28.2008,13.9,75,17,3.93,MD,1712889372
379,abepura,-2.6333,140.5833,32.45,55,20,2.57,ID,1712889372
380,tarnogskiy gorodok,60.4997,43.5761,5.47,70,100,5.18,RU,1712889372
381,makoua,0.0069,15.6333,23.71,94,100,1.32,CG,1712889372
382,plouzane,48.3833,-4.6167,10.5,87,0,4.12,FR,1712889372
383,nueva italia de ruiz,19.0167,-102.1,27.09,41,2,2.51,MX,1712889372
384,kilindoni,-7.9139,39.6668,27.29,84,88,5.21,TZ,1712889372
385,angaur state,6.906,134.13,28.21,75,100,5.24,PW,1712889372
386,port sudan,19.6175,37.2164,23.01,58,2,3.85,SD,1712889336
387,lewiston orchards,46.3804,-116.9754,17.37,57,0,1.54,US,1712889175
388,sinan,34.8262,126.1086,21.06,87,92,1.21,KR,1712889373
389,katsuura,35.1333,140.3,15.33,84,100,6.78,JP,1712889373
390,uryupinsk,50.8047,42.0138,14.23,70,60,3.2,RU,1712889373
391,sur,22.5667,59.5289,30.02,50,97,0.87,OM,1712889373
392,botou,38.0667,116.5667,25.92,40,36,7.63,CN,1712889373
393,arkalyk,50.2486,66.9114,2.61,60,39,3.41,KZ,1712889373
394,dazhou,31.2159,107.5009,21.34,66,81,1.23,CN,1712889373
395,ha'il,27.5219,41.6907,16.01,51,0,3.09,SA,1712889373
396,minas de marcona,-15.2119,-75.1103,17.34,79,100,3.94,PE,1712889373
397,saint-vith,50.2815,6.1272,10.93,96,80,1.59,BE,1712889373
398,berbera,10.4396,45.0143,27.47,80,57,1.13,SO,1712889373
399,chibougamau,49.9168,-74.3659,4.79,93,75,3.09,CA,1712889139
400,barreiro do jaiba,-15.6167,-43.6,24.68,68,100,2.59,BR,1712889374
401,fougamou,-1.2154,10.5838,24.47,98,100,0.53,GA,1712889374
402,paramirim,-13.4425,-42.2389,25.33,69,100,0.87,BR,1712889305
403,yantarnyy,54.8717,19.9381,11.01,97,100,7.01,RU,1712889374
404,ahfir,34.9537,-2.1003,11.34,75,0,0.66,MA,1712889374
405,guerrero negro,27.9769,-114.0611,17.36,75,100,6.32,MX,1712889155
406,sablayan,12.8346,120.769,28.4,68,65,4.47,PH,1712889374
407,jayanca,-6.3908,-79.8219,24.6,68,38,3.41,PE,1712889374
408,zadar,44.1197,15.2422,13.34,71,0,2.06,HR,1712889374
409,bastos,-21.9219,-50.7339,23.52,72,100,3.97,BR,1712889155
410,sakaiminato,35.55,133.2333,21.99,46,40,3.6,JP,1712889374
411,ulsteinvik,62.3432,5.8487,10.5,86,100,7.23,NO,1712889374
412,qarauyl,48.9451,79.255,-1.67,62,70,10.42,KZ,1712889374
413,parras de la fuente,25.4167,-102.1833,16.1,25,96,6.77,MX,1712889374
414,puerto lleras,3.0223,-73.4044,24.29,76,36,0.8,CO,1712889374
415,coeur d'alene,47.6777,-116.7805,14.97,61,0,0.0,US,1712889225
416,belonia,23.2528,91.4514,33.3,23,85,3.24,IN,1712889375
417,devin,41.7433,24.4,10.43,77,39,2.69,BG,1712889375
418,cidreira,-30.1811,-50.2056,20.96,78,100,7.2,BR,1712889375
419,carutapera,-1.195,-46.02,25.44,95,100,1.54,BR,1712889105
420,sanya,18.2431,109.505,30.09,70,40,2.0,CN,1712889375
421,fomboni,-12.28,43.7425,29.53,75,100,5.83,KM,1712889375
422,kottayam,9.5833,76.5167,30.03,78,42,0.61,IN,1712889375
423,patacamaya,-17.2333,-67.9167,9.29,81,60,2.16,BO,1712889375
424,hampton bays,40.869,-72.5176,15.21,98,100,9.83,US,1712889249
425,pleiku,13.9833,108.0,32.1,32,99,3.08,VN,1712889375
426,elko,41.0002,-115.5012,18.01,32,20,1.34,US,1712889375
427,trairi,-3.2778,-39.2689,24.81,94,100,1.36,BR,1712889120
428,motygino,58.1831,94.7592,-7.9,93,99,1.34,RU,1712889375
429,galliano,29.4422,-90.2992,17.78,77,0,0.0,US,1712889337
430,vedaraniyam,10.3667,79.85,29.74,73,95,6.68,IN,1712889375
431,kapuskasing,49.4169,-82.4331,11.05,57,100,3.09,CA,1712889375
432,tweed heads,-28.1817,153.547,28.45,59,40,5.66,AU,1712889376
433,greenville,35.6127,-77.3663,22.09,91,100,8.75,US,1712889244
434,timbuktu,16.7735,-3.0074,29.97,11,77,7.88,ML,1712889376
435,alzamay,55.5562,98.6644,0.14,80,100,3.41,RU,1712889376
436,aquiraz,-3.9014,-38.3911,28.99,88,100,1.06,BR,1712889376
437,aracati,-4.5617,-37.7697,25.73,89,100,2.27,BR,1712889376
438,narasannapeta,18.4167,84.05,31.01,44,90,1.61,IN,1712889376
439,labuan,5.2767,115.2417,31.2,70,20,1.54,MY,1712889376
440,vernon,50.2581,-119.2691,13.2,59,100,1.03,CA,1712889314
441,krasyliv,49.6519,26.9725,8.49,77,13,2.83,UA,1712889376
442,al hasakah,36.5024,40.7477,15.79,70,57,1.98,SY,1712889376
443,malanje,-9.5402,16.341,18.91,99,99,1.93,AO,1712889376
444,abra pampa,-22.7205,-65.697,11.84,71,17,4.36,AR,1712889376
445,kalaleh,37.3807,55.4916,11.78,94,100,3.09,IR,1712889377
446,pointe-noire,-4.7761,11.8635,26.04,100,40,2.06,CG,1712889377
447,ryotsu-minato,38.0833,138.4333,15.27,50,100,0.88,JP,1712889377
448,erdenet,49.0333,104.0833,8.88,35,60,8.49,MN,1712889377
449,renqiu,38.6989,116.0936,26.49,39,39,6.77,CN,1712889377
450,coulounieix,45.1529,0.6885,12.25,84,50,2.03,FR,1712889377
451,vila franca do campo,37.7167,-25.4333,18.27,99,95,1.43,PT,1712889377
452,cherrybrook,-33.7228,151.0461,25.16,51,0,1.79,AU,1712889377
453,fada,9.5667,8.3,25.84,22,100,1.41,NG,1712889377
454,mahina,-17.5065,-149.489,28.87,74,75,4.12,PF,1712889226
455,kolonia,50.9333,6.95,14.36,87,75,3.09,DE,1712889109
456,genhe,50.7833,121.5167,6.72,93,76,2.69,CN,1712889377
457,pocone,-16.2567,-56.6228,23.49,87,98,1.87,BR,1712889378
458,sakakah,29.9697,40.2064,15.76,42,0,2.82,SA,1712889378
459,iringa,-7.7667,35.7,15.75,97,100,1.92,TZ,1712889378
460,okhotsk,59.3833,143.3,-1.27,93,61,1.04,RU,1712889378
461,candelaria,13.9311,121.4233,33.83,37,17,3.7,PH,1712889378
462,nadi,-17.8,177.4167,31.0,74,20,5.66,FJ,1712889277
463,prado,-17.3411,-39.2208,25.59,85,3,2.53,BR,1712889378
464,guatire,10.4762,-66.5427,19.98,98,27,0.36,VE,1712889378
465,veinticinco de mayo,-35.4323,-60.1727,11.1,95,100,3.27,AR,1712889378
466,ustka,54.5805,16.8619,12.58,95,100,7.22,PL,1712889378
467,urumqi,43.801,87.6005,12.53,51,0,1.0,CN,1712889378
468,pohang,36.0322,129.365,22.12,41,30,1.01,KR,1712889378
469,al muwayh,22.4333,41.7583,21.73,22,26,2.06,SA,1712889378
470,mingora,34.7758,72.3625,19.63,48,59,2.43,PK,1712889378
471,luganville,-15.5333,167.1667,29.7,72,31,3.78,VU,1712889378
472,kruisfontein,-34.0033,24.7314,12.71,71,5,3.51,ZA,1712889378
473,mutoko,-17.397,32.2268,15.66,89,100,1.41,ZW,1712889378
474,magdalena,14.1999,121.429,30.75,44,11,3.93,PH,1712889379
475,gizo,-8.103,156.8419,29.1,74,89,2.74,SB,1712889379
476,naze,28.3667,129.4833,20.51,87,95,3.9,JP,1712889379
477,myskhako,44.6714,37.7433,13.1,89,96,1.4,RU,1712889379
478,campbellton,48.0075,-66.6727,3.25,98,100,2.74,CA,1712889099
479,contamana,-7.3333,-75.0167,23.72,95,22,1.51,PE,1712889379
480,carolina beach,34.0352,-77.8936,22.04,95,25,1.34,US,1712889263
481,west bay,19.3667,-81.4167,28.37,87,20,2.06,KY,1712889379
482,sinabang,2.4803,96.3801,29.71,70,71,1.68,ID,1712889379
483,usinsk,65.9939,57.5281,1.71,99,100,10.28,RU,1712889379
484,kayangel,8.0823,134.7173,28.22,78,99,4.42,PW,1712889379
485,sal rei,16.1833,-22.9167,21.3,83,0,4.92,CV,1712889379
486,arish,31.1316,33.7984,12.1,87,0,2.06,EG,1712889379
487,yanta,36.2411,115.6672,24.89,49,0,6.45,CN,1712889380
488,aral,40.5156,81.2636,20.17,13,60,4.44,CN,1712889380
489,suva,-18.1416,178.4415,29.71,74,99,4.12,FJ,1712889380
490,gadzhiyevo,69.2551,33.3362,-1.22,85,100,9.28,RU,1712889195
491,kant,27.8,79.8,31.02,17,100,2.19,IN,1712889380
492,mukalla,14.5425,49.1242,25.37,77,94,1.51,YE,1712889280
493,baykalovo,57.3981,63.7684,7.32,91,100,6.63,RU,1712889380
494,sao tome,0.3365,6.7273,27.38,79,100,0.72,ST,1712889380
495,sirte,31.2089,16.5887,16.35,89,50,6.21,LY,1712889380
496,swan hill,-35.3378,143.5544,19.36,37,0,3.79,AU,1712889334
497,mbanza kongo,-6.267,14.2401,21.98,99,100,0.86,AO,1712889381
498,podporozh'ye,60.9112,34.1706,6.18,95,100,4.96,RU,1712889381
499,kittila,67.6647,24.8936,1.08,75,100,3.6,FI,1712889381
500,mari,-7.06,-35.3194,25.45,93,56,1.34,BR,1712889381
501,sheohar,26.5167,85.3,30.93,28,0,5.53,IN,1712889381
502,carnarvon,-24.8667,113.6333,25.7,46,0,3.79,AU,1712889381
503,garoowe,8.4054,48.4845,24.19,88,98,2.66,SO,1712889381
504,montrose,38.4166,-108.2673,7.76,37,0,1.21,US,1712889104
505,singaraja,-8.112,115.0882,30.11,72,13,2.05,ID,1712889309
506,al ghayzah,16.2079,52.176,27.05,70,25,4.6,YE,1712889381
507,new norfolk,-42.7826,147.0587,18.72,83,100,1.24,AU,1712889382
508,manoharpur,27.3,75.95,28.18,28,100,1.02,IN,1712889382
509,barcelos,41.5388,-8.6151,20.08,76,49,2.34,PT,1712889382
510,kitimat,54.0524,-128.6534,9.21,69,75,1.38,CA,1712889382
511,baiyin,36.5583,104.2081,15.64,28,89,0.88,CN,1712889382
512,balikpapan,-1.2675,116.8289,29.55,70,40,3.09,ID,1712889382
513,magong,23.5654,119.5863,23.85,83,45,3.07,TW,1712889382
514,zapala,-38.8992,-70.0544,5.88,89,87,5.0,AR,1712889138
515,baillif,16.0202,-61.7463,24.8,76,0,4.54,GP,1712889382
516,mozarlandia,-14.7447,-50.5706,24.04,88,38,1.4,BR,1712889382
517,aykhal,66.0,111.5,-18.42,81,15,3.49,RU,1712889383
518,tocache,-8.1842,-76.5125,22.3,95,61,0.8,PE,1712889116
519,saint joseph,39.7686,-94.8466,11.78,45,0,4.12,US,1712889310
520,huancavelica,-12.7667,-74.9833,2.36,97,98,1.08,PE,1712889384
521,la romana,18.4273,-68.9728,25.2,94,20,0.0,DO,1712889384
522,karratha,-20.7377,116.8463,30.32,49,0,4.6,AU,1712889094
523,filey,54.21,-0.2892,14.32,86,100,2.68,GB,1712889385
524,derzhavinsk,51.1,66.3167,2.92,61,50,5.71,KZ,1712889385
525,minab,27.1467,57.0801,26.86,56,34,1.97,IR,1712889385
526,vila velha,-20.3297,-40.2925,25.53,93,75,1.54,BR,1712889373
527,east wenatchee bench,47.4257,-120.2812,17.6,50,75,3.6,US,1712889385
528,garissa,-0.4536,39.6401,26.31,83,100,3.53,KE,1712889385
529,point pedro,9.8167,80.2333,29.63,71,100,6.04,LK,1712889385
530,sydney,-33.8679,151.2073,24.75,60,20,4.12,AU,1712889000
531,tofol,5.3248,163.0078,25.88,94,100,6.17,FM,1712889385
532,diapaga,12.0708,1.7889,31.8,38,100,2.63,BF,1712889385
533,princeville,45.7668,-61.2985,3.01,88,0,3.09,CA,1712889385
534,kani keli,-12.9536,45.1033,26.59,75,90,4.74,YT,1712889385
535,paragominas,-2.9667,-47.4833,23.58,99,100,1.18,BR,1712889386
536,dabeiba,7.0017,-76.2672,22.44,96,83,1.46,CO,1712889386
537,callao,-12.0667,-77.15,25.4,78,20,4.63,PE,1712889235
538,flying fish cove,-10.4217,105.6791,28.82,78,100,4.63,CX,1712889386
539,howard springs,-12.497,131.047,29.99,77,99,4.27,AU,1712889386
540,alice springs,-23.7,133.8833,23.45,25,2,5.66,AU,1712889386
541,linqiong,30.4159,103.4609,23.9,56,86,1.95,CN,1712889386
542,la maddalena,41.2142,9.4083,8.03,76,84,5.05,IT,1712889386
543,justo daract,-33.8594,-65.1828,8.33,88,100,4.96,AR,1712889386
544,xuddur,4.1213,43.8894,24.79,73,96,4.35,SO,1712889386
545,gutierrez zamora,20.45,-97.0833,21.39,72,5,2.62,MX,1712889386
546,selfoss,63.9331,-20.9971,3.25,97,100,2.87,IS,1712889386
547,luocheng,29.3848,104.0286,23.97,63,76,1.75,CN,1712889387
548,port macquarie,-31.4333,152.9167,24.38,68,12,4.46,AU,1712889363
549,kavarna,43.4333,28.3333,15.6,83,6,4.34,BG,1712889387
550,dombarovskiy,50.7587,59.5386,7.22,69,95,3.58,RU,1712889387
551,chitipa,-9.7024,33.2697,18.35,98,100,2.26,MW,1712889387
552,tanumah,27.1,44.1333,19.56,35,58,4.49,SA,1712889387
553,shengli,37.4564,118.4856,25.68,32,0,4.51,CN,1712889387
554,puerto baquerizo moreno,-0.9,-89.6,25.14,88,63,3.64,EC,1712889387
555,lindisfarne,-42.8333,147.35,18.88,55,75,6.69,AU,1712889387
556,camana,-16.6228,-72.7111,21.15,89,100,3.0,PE,1712889387
557,smara,26.7384,-11.6719,26.59,16,0,4.07,EH,1712889387
558,tres passos,-27.4556,-53.9319,19.5,89,85,3.31,BR,1712889148
559,tadine,-21.55,167.8833,24.62,71,99,3.5,NC,1712889388
560,santa maria da boa vista,-8.8078,-39.8256,25.84,74,91,3.63,BR,1712889388
561,ingleside,27.8778,-97.2117,22.77,79,9,3.07,US,1712889388
